gross_margin,net_margin,revenue_growth,cost_growth,current_ratio,debt_to_equity,opex_ratio,ebit_margin,asset_turnover,negative_equity,size_bucket_large,size_bucket_micro,size_bucket_mid,size_bucket_small,profit_regime_breakeven,profit_regime_loss,profit_regime_profitable,leverage_tier_high,leverage_tier_low,leverage_tier_med,growth_stage_high_growth,growth_stage_shrinking,growth_stage_stable
0.5902658,0.12125925,0.34387627,0.42910314,1.4475209,0.9693928,0.4108057,0.1794601,0.15759894,0.0,0.0,1.0,0.0,0.0,0.0,0.0,1.0,0.0,0.0,1.0,1.0,0.0,0.0
0.9176976,-0.22400059,0.026219627,0.46603814,2.786286,0.20499691,0.9223597,-0.0046620904,0.58168733,0.0,0.0,1.0,0.0,0.0,0.0,1.0,0.0,0.0,1.0,0.0,0.0,0.0,1.0
0.12631603,0.030466918,0.62191546,0.61060053,1.5418195,1.5563254,0.085621744,0.040694278,2.9343843,0.0,0.0,0.0,1.0,0.0,1.0,0.0,0.0,0.0,0.0,1.0,1.0,0.0,0.0
0.118559666,-0.18480678,0.124072306,-0.005212275,2.4675748,1.1518607,0.25849196,-0.13993229,0.915637,1.0,0.0,0.0,0.0,1.0,0.0,1.0,0.0,1.0,0.0,0.0,0.0,0.0,1.0
0.66356665,0.1349755,0.24444792,0.272871,0.7926322,2.5634108,0.47316828,0.1903984,0.20992507,0.0,1.0,0.0,0.0,0.0,0.0,0.0,1.0,1.0,0.0,0.0,1.0,0.0,0.0
0.6903272,0.08902791,0.051885597,0.023590686,0.87784433,1.8160483,0.4942252,0.19610202,0.21184626,0.0,1.0,0.0,0.0,0.0,0.0,0.0,1.0,0.0,0.0,1.0,0.0,0.0,1.0
0.66963094,0.121656574,0.12379784,0.110339135,0.8452706,1.8151088,0.49076772,0.17886326,0.42182997,0.0,1.0,0.0,0.0,0.0,0.0,0.0,1.0,0.0,0.0,1.0,0.0,0.0,1.0
0.493504,0.06364165,0.13690476,0.063737154,2.6162615,0.20250835,0.4126042,0.080899745,0.37247565,0.0,1.0,0.0,0.0,0.0,0.0,0.0,1.0,0.0,1.0,0.0,0.0,0.0,1.0
0.21656875,0.004420724,0.18897356,0.19842146,2.3737996,1.2483494,0.23643605,-0.019867301,1.1578947,0.0,0.0,0.0,0.0,1.0,1.0,0.0,0.0,0.0,0.0,1.0,1.0,0.0,0.0
0.52410513,-0.08395131,0.08662589,0.09302812,1.9286503,0.30215624,0.5817139,-0.05760881,0.57208216,0.0,0.0,0.0,0.0,1.0,0.0,1.0,0.0,0.0,1.0,0.0,0.0,0.0,1.0
0.17765771,0.026568605,0.15886572,0.15745816,0.6691618,5.06585,0.13945012,0.038207594,3.0417793,0.0,1.0,0.0,0.0,0.0,1.0,0.0,0.0,1.0,0.0,0.0,1.0,0.0,0.0
0.94473684,-1.9370337,-0.33854118,0.41949734,1.7857933,2.5881436,0.965615,-0.020878106,0.5079173,0.0,0.0,1.0,0.0,0.0,0.0,1.0,0.0,1.0,0.0,0.0,0.0,1.0,0.0
0.92399764,0.17058448,2.4826381,0.59590137,1.5253975,1.1518607,0.6357192,0.2882785,0.57607204,1.0,0.0,0.0,1.0,0.0,0.0,0.0,1.0,1.0,0.0,0.0,1.0,0.0,0.0
0.101564854,-0.023764834,-0.007924154,-0.053533077,1.5017942,1.9399396,0.052213445,0.04935141,0.7655261,0.0,0.0,0.0,1.0,0.0,1.0,0.0,0.0,0.0,0.0,1.0,0.0,1.0,0.0
0.35208353,0.097168654,0.033138968,0.031961054,1.7792208,1.6367188,0.26930675,0.082776785,2.6249382,0.0,0.0,0.0,1.0,0.0,0.0,0.0,1.0,0.0,0.0,1.0,0.0,0.0,1.0
0.292914,0.04409197,0.08281612,0.08187248,2.11332,1.1515274,0.22460245,0.06831154,3.203573,0.0,0.0,0.0,1.0,0.0,1.0,0.0,0.0,0.0,0.0,1.0,0.0,0.0,1.0
0.5232178,-24.696043,1.8262477,-0.0055143293,11.987079,0.1506406,20.766369,-21.018425,0.022273518,0.0,0.0,1.0,0.0,0.0,0.0,1.0,0.0,0.0,1.0,0.0,1.0,0.0,0.0
0.6373716,0.14751288,0.8837426,0.4904744,14.296485,0.07227228,0.48727193,0.15009964,0.3226262,0.0,0.0,1.0,0.0,0.0,0.0,0.0,1.0,0.0,1.0,0.0,1.0,0.0,0.0
0.42652068,0.4457421,-0.029286727,-0.00041322314,2.0589442,5.028173,0.6036496,-0.17712896,0.18648759,0.0,0.0,0.0,1.0,0.0,0.0,0.0,1.0,1.0,0.0,0.0,0.0,1.0,0.0
0.44679072,0.07980782,0.30874908,0.37686858,5.0413632,1.4210813,0.33448577,0.11230497,1.0310376,0.0,0.0,0.0,1.0,0.0,0.0,0.0,1.0,0.0,0.0,1.0,1.0,0.0,0.0
0.44527137,-0.13246858,0.05693561,0.05010092,1.5373968,1.4542975,0.57765216,-0.13238081,1.3471743,0.0,0.0,1.0,0.0,0.0,0.0,1.0,0.0,0.0,0.0,1.0,0.0,0.0,1.0
0.6851138,-0.42344463,0.23695755,0.047479827,2.4923933,0.6220937,1.1129233,-0.42780945,1.3195534,0.0,0.0,1.0,0.0,0.0,0.0,1.0,0.0,0.0,1.0,0.0,1.0,0.0,0.0
0.79924315,0.23156977,0.16011707,0.10740352,18.977375,0.069705255,0.522632,0.27661115,0.2861526,0.0,0.0,1.0,0.0,0.0,0.0,0.0,1.0,0.0,1.0,0.0,1.0,0.0,0.0
0.27359983,0.0062571988,-0.27502683,-0.2661707,1.6443857,1.7363197,0.2539443,0.019655505,1.7832798,0.0,0.0,1.0,0.0,0.0,1.0,0.0,0.0,0.0,0.0,1.0,0.0,1.0,0.0
0.628208,0.15246654,1.82364,0.2869575,5.2398124,0.23928502,0.47585237,0.1523556,0.8387717,0.0,0.0,1.0,0.0,0.0,0.0,0.0,1.0,0.0,1.0,0.0,1.0,0.0,0.0
0.5308007,0.023334714,0.12870891,0.12239339,1.0467492,1.4312627,0.4927687,0.038032,1.3978275,0.0,1.0,0.0,0.0,0.0,1.0,0.0,0.0,0.0,0.0,1.0,0.0,0.0,1.0
0.23248161,0.07972645,0.22317368,0.21029395,2.3808515,0.93637097,0.13785483,0.094626784,0.7267876,0.0,0.0,0.0,1.0,0.0,0.0,0.0,1.0,0.0,0.0,1.0,1.0,0.0,0.0
0.26358235,0.08705078,-0.037247807,-0.18113814,2.479307,1.7956079,0.1258843,0.13769805,0.9237201,0.0,0.0,0.0,1.0,0.0,0.0,0.0,1.0,0.0,0.0,1.0,0.0,1.0,0.0
0.22806524,0.09111361,0.089794666,0.15747733,2.2809918,1.7403189,0.08998875,0.13807648,0.7389859,0.0,0.0,0.0,1.0,0.0,0.0,0.0,1.0,0.0,0.0,1.0,0.0,0.0,1.0
-0.1822118,-1.0618799,-0.18196577,-0.039760154,1.9201521,0.29012948,1.2446328,-1.4268447,0.29907197,0.0,0.0,1.0,0.0,0.0,0.0,1.0,0.0,0.0,1.0,0.0,0.0,1.0,0.0
0.5676229,0.12393892,0.28331083,0.22609958,1.3158345,0.6284223,0.4065704,0.16105251,0.5629036,0.0,1.0,0.0,0.0,0.0,0.0,0.0,1.0,0.0,1.0,0.0,1.0,0.0,0.0
0.76641387,-0.13656831,0.14740518,0.07239246,2.6335099,1.0574609,0.90138483,-0.13497095,0.80787694,0.0,0.0,1.0,0.0,0.0,0.0,1.0,0.0,0.0,0.0,1.0,0.0,0.0,1.0
0.31970108,0.062477894,-0.11343494,-0.07270057,2.9128702,0.3903777,0.23421042,0.08549066,1.0345666,0.0,0.0,0.0,0.0,1.0,0.0,0.0,1.0,0.0,1.0,0.0,0.0,1.0,0.0
0.24207042,0.06153082,-0.020127278,0.0590455,1.2281027,3.8999906,0.24833925,-0.0062688426,0.60301137,0.0,0.0,0.0,1.0,0.0,0.0,0.0,1.0,1.0,0.0,0.0,0.0,1.0,0.0
0.5213327,0.2719747,-0.14590366,-0.33326736,4.0372405,0.29404676,0.08943128,0.43190137,1.1625342,0.0,0.0,0.0,0.0,1.0,0.0,0.0,1.0,0.0,1.0,0.0,0.0,1.0,0.0
0.31408486,0.15415029,0.1809196,0.114148356,4.1920238,0.26741502,0.11524615,0.1988387,1.6679593,0.0,0.0,0.0,1.0,0.0,0.0,0.0,1.0,0.0,1.0,0.0,1.0,0.0,0.0
0.42138502,0.070837975,-0.083466604,-0.19044557,2.5241783,1.100955,0.21034276,0.21104226,1.1563436,0.0,0.0,0.0,0.0,1.0,0.0,0.0,1.0,0.0,0.0,1.0,0.0,1.0,0.0
0.8631382,0.32655782,0.29376364,0.5745243,4.7805986,0.24944112,0.4171137,0.4460245,0.31502485,0.0,0.0,0.0,0.0,1.0,0.0,0.0,1.0,0.0,1.0,0.0,1.0,0.0,0.0
0.6765205,-0.011493546,-0.030599225,-0.009530631,0.35325176,1.1518607,0.48624706,0.19027346,0.28246152,1.0,1.0,0.0,0.0,0.0,1.0,0.0,0.0,1.0,0.0,0.0,0.0,1.0,0.0
0.6354982,-12.687278,0.76674,0.17623034,3.3233392,7.2972507,10.371531,-9.7360325,0.08061566,0.0,0.0,1.0,0.0,0.0,0.0,1.0,0.0,1.0,0.0,0.0,1.0,0.0,0.0
0.15261005,-0.12561429,-0.2885627,-0.23115724,1.0458826,1.1518607,0.22970036,-0.0770903,2.6991374,1.0,0.0,0.0,0.0,1.0,0.0,1.0,0.0,1.0,0.0,0.0,0.0,1.0,0.0
0.38062292,0.06523444,0.0045017162,-0.019414093,3.081355,1.0470386,0.24785726,0.13276567,0.4921359,0.0,0.0,0.0,1.0,0.0,0.0,0.0,1.0,0.0,0.0,1.0,0.0,0.0,1.0
0.43606895,0.045924142,0.075029634,-0.034125794,7.2145243,0.17767636,0.4175977,0.018471226,0.3038391,0.0,0.0,1.0,0.0,0.0,1.0,0.0,0.0,0.0,1.0,0.0,0.0,0.0,1.0
0.577788,-0.3255133,0.29036418,0.16386344,1.793902,1.1518607,0.8897502,-0.3119622,0.9802677,1.0,0.0,0.0,0.0,1.0,0.0,1.0,0.0,1.0,0.0,0.0,1.0,0.0,0.0
0.4338841,0.17349839,0.87740314,0.70263505,2.5121763,0.7178598,0.20407917,0.22980495,1.4740797,0.0,0.0,1.0,0.0,0.0,0.0,0.0,1.0,0.0,1.0,0.0,1.0,0.0,0.0
0.8846596,-2.7003777,0.600552,0.29814082,4.720061,0.2588336,3.8383017,-2.9536421,0.18391065,0.0,0.0,1.0,0.0,0.0,0.0,1.0,0.0,0.0,1.0,0.0,1.0,0.0,0.0
0.4040146,0.029545018,0.89637566,0.3707024,3.8325984,0.4562172,0.27579474,0.12821986,0.5057276,0.0,0.0,0.0,0.0,1.0,1.0,0.0,0.0,0.0,1.0,0.0,1.0,0.0,0.0
0.3029177,0.042539734,0.01983711,0.019755654,1.7931654,0.8426461,0.2334941,0.06942358,1.4693854,0.0,1.0,0.0,0.0,0.0,1.0,0.0,0.0,0.0,0.0,1.0,0.0,0.0,1.0
0.60342366,0.03951748,0.27519628,0.27664152,1.291362,1.2760247,0.5391546,0.06426909,0.4651355,0.0,0.0,0.0,1.0,0.0,1.0,0.0,0.0,0.0,0.0,1.0,1.0,0.0,0.0
0.69917125,-0.58207613,0.14508778,-0.17429717,2.1988804,3.265058,1.161371,-0.46219975,0.7513932,0.0,0.0,1.0,0.0,0.0,0.0,1.0,0.0,1.0,0.0,0.0,0.0,0.0,1.0
0.6068073,-0.37321535,-0.12578613,-0.2534681,1.0915799,0.64882445,0.9641518,-0.35734454,0.8432439,0.0,0.0,1.0,0.0,0.0,0.0,1.0,0.0,0.0,1.0,0.0,0.0,1.0,0.0
0.5026965,0.1484046,0.1550497,0.1297735,3.902049,0.2826674,0.39242,0.11027654,0.9720392,0.0,0.0,1.0,0.0,0.0,0.0,0.0,1.0,0.0,1.0,0.0,1.0,0.0,0.0
0.2364577,0.011533236,-0.043002896,-0.002661541,2.572447,0.9021161,0.22295037,0.0135073485,0.64880174,0.0,0.0,0.0,1.0,0.0,1.0,0.0,0.0,0.0,0.0,1.0,0.0,1.0,0.0
0.60411793,-0.7480638,-0.3291766,-0.07485031,3.3762398,0.17465451,1.2865803,-0.68246245,0.34436595,0.0,0.0,1.0,0.0,0.0,0.0,1.0,0.0,0.0,1.0,0.0,0.0,1.0,0.0
0.22814065,0.052054953,0.15455963,0.15512462,1.1885253,3.6835113,0.14010945,0.0880312,1.6460645,0.0,1.0,0.0,0.0,0.0,0.0,0.0,1.0,1.0,0.0,0.0,1.0,0.0,0.0
0.77276564,0.56223726,-0.22087894,-0.10576308,18.984192,0.069705255,0.15109515,0.5193816,0.44630376,0.0,0.0,1.0,0.0,0.0,0.0,0.0,1.0,0.0,1.0,0.0,0.0,1.0,0.0
0.3399917,-2.161465,4.170323,0.29163456,2.885195,0.46764252,2.8289638,-2.4889722,0.31535432,0.0,0.0,1.0,0.0,0.0,0.0,1.0,0.0,0.0,1.0,0.0,1.0,0.0,0.0
0.2413932,-0.66429466,-0.17676492,-0.2995097,1.9287888,5.53356,0.8479847,-0.6065915,0.46436718,0.0,0.0,0.0,0.0,1.0,0.0,1.0,0.0,1.0,0.0,0.0,0.0,1.0,0.0
0.48664242,-8.402782,4.170323,0.32821465,3.6010017,1.1518607,7.0614133,-6.574771,0.14287972,1.0,0.0,1.0,0.0,0.0,0.0,1.0,0.0,1.0,0.0,0.0,1.0,0.0,0.0
0.303404,-0.9507236,-0.12216506,-0.18585621,0.1210431,1.1518607,0.96127194,-0.6578679,0.4649576,1.0,0.0,1.0,0.0,0.0,0.0,1.0,0.0,1.0,0.0,0.0,0.0,1.0,0.0
0.25120425,0.12149957,0.46848655,0.39778814,2.421247,0.38938984,0.1267566,0.12444766,1.408829,0.0,0.0,0.0,1.0,0.0,0.0,0.0,1.0,0.0,1.0,0.0,1.0,0.0,0.0
0.4836346,0.11834392,0.12735784,0.115951635,1.1283997,1.6091578,0.30642402,0.17721055,0.25077334,0.0,1.0,0.0,0.0,0.0,0.0,0.0,1.0,0.0,0.0,1.0,0.0,0.0,1.0
0.29911876,-0.092971325,0.27754813,0.26304626,2.469197,5.4361806,0.3060973,-0.006978538,0.5639606,0.0,0.0,0.0,0.0,1.0,0.0,1.0,0.0,1.0,0.0,0.0,1.0,0.0,0.0
0.3010193,0.040993687,0.13355196,0.11336871,2.8931992,2.0913649,0.21837781,0.08264149,1.4256401,0.0,0.0,0.0,1.0,0.0,1.0,0.0,0.0,1.0,0.0,0.0,0.0,0.0,1.0
0.22750293,-0.1501753,-0.060223322,0.12247398,1.7782656,3.1053388,0.29859757,-0.07109466,0.44960153,0.0,1.0,0.0,0.0,0.0,0.0,1.0,0.0,1.0,0.0,0.0,0.0,1.0,0.0
0.42510238,-0.049751732,0.2018701,0.10320393,1.8845474,2.3420303,0.45333135,-0.02822897,0.8991976,0.0,0.0,0.0,0.0,1.0,1.0,0.0,0.0,1.0,0.0,0.0,1.0,0.0,0.0
0.5544365,0.25276315,-0.20301309,-0.08640479,0.8759247,0.5801217,0.21629997,0.33813655,0.52882856,0.0,1.0,0.0,0.0,0.0,0.0,0.0,1.0,0.0,1.0,0.0,0.0,1.0,0.0
0.43695307,-0.20362657,0.11453098,0.16940184,2.409155,0.8319785,0.6643458,-0.22739272,0.81764174,0.0,0.0,0.0,1.0,0.0,0.0,1.0,0.0,0.0,0.0,1.0,0.0,0.0,1.0
0.24657992,0.12353894,0.04103688,0.03808361,10.579534,0.39308614,0.10055592,0.14602399,0.8884796,0.0,1.0,0.0,0.0,0.0,0.0,0.0,1.0,0.0,1.0,0.0,0.0,0.0,1.0
0.141889,-0.011984591,0.029047959,0.0147796,1.1082118,5.0965223,0.1210087,0.020880297,1.1742729,0.0,0.0,1.0,0.0,0.0,1.0,0.0,0.0,1.0,0.0,0.0,0.0,0.0,1.0
0.7823636,0.120705694,0.43828517,0.5425289,9.624564,0.16975579,0.8711253,-0.08876172,0.3438712,0.0,0.0,1.0,0.0,0.0,0.0,0.0,1.0,0.0,1.0,0.0,1.0,0.0,0.0
0.65478426,0.35672295,-0.17296153,-0.088765524,0.42798355,1.0153419,0.28342715,0.37135708,0.09352812,0.0,1.0,0.0,0.0,0.0,0.0,0.0,1.0,0.0,0.0,1.0,0.0,1.0,0.0
0.7756872,-0.12464605,0.93806046,0.5393699,4.698291,0.17514539,0.90606284,-0.13037562,1.4383211,0.0,0.0,0.0,0.0,1.0,0.0,1.0,0.0,0.0,1.0,0.0,1.0,0.0,0.0
0.5634858,0.26238832,-0.07413722,-0.10884311,8.994673,0.11239169,0.28641394,0.27707183,0.77507573,0.0,0.0,0.0,0.0,1.0,0.0,0.0,1.0,0.0,1.0,0.0,0.0,1.0,0.0
0.14139259,0.006193142,-0.1058691,-0.04845267,1.6904923,0.7809289,0.13226032,0.00913226,1.7172384,0.0,1.0,0.0,0.0,0.0,1.0,0.0,0.0,0.0,1.0,0.0,0.0,1.0,0.0
-0.4240042,-4.97956,-0.6445033,-0.2131384,0.97358054,3.3923426,2.8637316,-3.287736,0.035767175,0.0,0.0,0.0,1.0,0.0,0.0,1.0,0.0,1.0,0.0,0.0,0.0,1.0,0.0
0.16177283,0.046052303,-0.5666416,-0.46356434,1.4779953,0.71083206,0.26710334,-0.10533052,0.09302141,0.0,0.0,1.0,0.0,0.0,1.0,0.0,0.0,0.0,1.0,0.0,0.0,1.0,0.0
0.37796018,0.24851014,0.68288004,0.8599214,0.5507179,20.489004,0.09777526,0.28018492,0.02622636,0.0,0.0,0.0,0.0,1.0,0.0,0.0,1.0,1.0,0.0,0.0,1.0,0.0,0.0
0.7396773,-0.32706562,0.16053043,0.10768045,2.87214,0.47134718,1.0812751,-0.34159777,0.6370629,0.0,0.0,0.0,0.0,1.0,0.0,1.0,0.0,0.0,1.0,0.0,1.0,0.0,0.0
0.4467662,-0.13633578,0.030831153,0.062360454,0.6597711,0.6140524,0.52541465,-0.07864844,0.5531686,0.0,0.0,0.0,0.0,1.0,0.0,1.0,0.0,0.0,1.0,0.0,0.0,0.0,1.0
0.86735946,-12.511003,-0.3643272,-0.10797645,2.3606381,1.1518607,7.493073,-6.6257133,0.12547636,1.0,0.0,1.0,0.0,0.0,0.0,1.0,0.0,1.0,0.0,0.0,0.0,1.0,0.0
0.38173777,-0.008055655,-0.049611274,-0.016786588,1.8714926,1.8421334,0.36584184,0.015895937,1.4373533,0.0,0.0,0.0,1.0,0.0,1.0,0.0,0.0,0.0,0.0,1.0,0.0,1.0,0.0
0.18837221,-0.018472964,0.084426664,0.049367573,2.5922732,0.67594284,0.19014618,-0.0017739723,0.66762996,0.0,0.0,1.0,0.0,0.0,1.0,0.0,0.0,0.0,1.0,0.0,0.0,0.0,1.0
0.15464285,0.022645056,0.15390457,0.13408726,1.7275116,2.7682974,0.10943674,0.045206107,2.7669091,0.0,1.0,0.0,0.0,0.0,1.0,0.0,0.0,1.0,0.0,0.0,1.0,0.0,0.0
0.5468672,-0.2594126,0.042945407,-0.037791062,0.7799921,18.67849,0.43082684,0.11604037,0.46258974,0.0,0.0,0.0,1.0,0.0,0.0,1.0,0.0,1.0,0.0,0.0,0.0,0.0,1.0
0.55727,0.113266885,0.1482044,0.09729241,1.0555613,0.7503183,0.39784792,0.1594221,0.18824682,0.0,1.0,0.0,0.0,0.0,0.0,0.0,1.0,0.0,1.0,0.0,0.0,0.0,1.0
0.16901408,-0.0023474179,-0.059602648,-0.12949152,2.4702382,0.509299,0.17370892,-0.0046948357,1.2113744,0.0,0.0,0.0,1.0,0.0,1.0,0.0,0.0,0.0,1.0,0.0,0.0,1.0,0.0
0.74407005,-0.56894124,0.0526996,0.30732632,4.696729,0.43051872,1.2077093,-0.4636392,0.48219252,0.0,0.0,1.0,0.0,0.0,0.0,1.0,0.0,0.0,1.0,0.0,0.0,0.0,1.0
0.57671016,-0.00809915,-0.10727679,-0.096561454,0.24621795,1.1518607,0.5562225,0.020487612,1.9849844,1.0,0.0,0.0,1.0,0.0,1.0,0.0,0.0,1.0,0.0,0.0,0.0,1.0,0.0
0.8254137,0.23046044,1.528169,0.8077312,1.3764173,1.2369401,0.557185,0.26822874,0.580547,0.0,1.0,0.0,0.0,0.0,0.0,0.0,1.0,0.0,0.0,1.0,1.0,0.0,0.0
0.40979034,0.08560959,0.08596918,0.09327252,2.0287035,0.70451874,0.2871574,0.12263293,1.5758926,0.0,0.0,0.0,1.0,0.0,0.0,0.0,1.0,0.0,1.0,0.0,0.0,0.0,1.0
0.5303236,0.26685953,0.1191363,0.06395565,6.707316,0.16111173,0.23096411,0.29935953,0.88292205,0.0,0.0,1.0,0.0,0.0,0.0,0.0,1.0,0.0,1.0,0.0,0.0,0.0,1.0
0.7131364,0.06323067,-0.103005014,-0.0038046925,1.4645833,2.6489015,0.60182273,0.11131364,0.67947894,0.0,1.0,0.0,0.0,0.0,0.0,0.0,1.0,1.0,0.0,0.0,0.0,1.0,0.0
0.280324,0.09116833,0.07056898,0.07401922,1.0586894,0.43043834,0.19450758,0.08581642,1.5351478,0.0,1.0,0.0,0.0,0.0,0.0,0.0,1.0,0.0,1.0,0.0,0.0,0.0,1.0
0.13931088,-0.019420518,0.10841073,0.11357587,2.222063,3.1871922,0.12208301,0.017227877,0.93897057,0.0,0.0,0.0,1.0,0.0,1.0,0.0,0.0,1.0,0.0,0.0,0.0,0.0,1.0
0.37699935,0.1104419,0.21075277,0.184286,1.2331722,1.7099975,0.2103792,0.16662015,0.50398815,0.0,0.0,0.0,1.0,0.0,0.0,0.0,1.0,0.0,0.0,1.0,1.0,0.0,0.0
0.31999463,0.0936967,0.36941972,0.32612646,2.9939134,0.5988696,0.18750839,0.13248625,0.5081265,0.0,1.0,0.0,0.0,0.0,0.0,0.0,1.0,0.0,1.0,0.0,1.0,0.0,0.0
-0.15482125,-3.959397,-0.06839379,0.66040415,1.0534779,1.1518607,3.4092305,-3.5640516,0.9156473,1.0,0.0,1.0,0.0,0.0,0.0,1.0,0.0,1.0,0.0,0.0,0.0,1.0,0.0
0.18416423,-0.2856305,1.0716889,0.8533078,4.21875,0.59028417,0.31788856,-0.13372435,0.98270893,0.0,0.0,0.0,1.0,0.0,0.0,1.0,0.0,0.0,1.0,0.0,1.0,0.0,0.0
0.41056076,0.043508597,0.104939476,0.10615535,5.7337737,0.24540299,0.3625048,0.048055947,0.81100523,0.0,0.0,1.0,0.0,0.0,1.0,0.0,0.0,0.0,1.0,0.0,0.0,0.0,1.0
